{"epoch": 0, "gen_loss": 0.5641033053398132, "clas_loss": 0.4661102890968323, "_timestamp": 1659440000, "_runtime": 67, "_step": 33}