{"epoch": 0, "gen_loss": 0.45374876260757446, "clas_loss": 0.4949747920036316, "_timestamp": 1659439902, "_runtime": 96, "_step": 49}