{"epoch": 0, "gen_loss": 0.5003243684768677, "clas_loss": 0.4881739318370819, "_timestamp": 1659439754, "_runtime": 98, "_step": 49}